2V2,00:00,Alianza Lima,Gas Ayacucho,1.30,3.75,6.25,-,-,0-1,0-1
253,17:00,İsviçre U21,Rusya U21,-,-,-,-,-,2-1,3-2
254,20:30,İtalya U21,Danimarka U21,2.00,3.00,2.70,-,-,0-0,0-0
255,22:45,Fransa U21,İngiltere U21,2.10,2.90,2.60,-,-,1-1,3-2
256,22:45,Polonya,Slovenya,1.60,3.20,3.75,-,-,0-1,1-1
257,02:30,CD Everton,Union Etdola,2.50,2.90,2.20,-,-,0-0,0-0
401,13:35,Japonya,Suudi Arabistan,1.20,4.30,8.00,-,-,1-0,2-1
402,13:35,Avustralya,Japonya,2.00,4.20,2.15,-,-,1-1,2-2
403,13:35,Suudi Arabistan,Tayland,2.40,2.70,2.40,-,-,0-1,1-2
404,14:00,Güney Kore,Özbekistan,1.40,3.50,5.00,-,-,0-1,2-1
405,14:35,Çin,Katar,1.85,3.00,3.10,-,-,0-0,0-0
406,15:00,Suriye,İran,7.00,4.00,1.25,-,-,0-0,0-0
407,15:00,Tayland,Avustralya,10.00,5.50,1.10,-,-,1-1,2-2
408,17:00,Tunus,Moritanya,1.15,4.75,9.00,1.65,1.70,0-0,0-0
409,18:20,B.Arap Emirlikleri,Irak,1.80,3.00,3.20,-,-,1-0,2-0
410,19:00,Rusya,Romanya,1.85,2.90,3.20,1.40,2.05,0-0,1-0
411,20:00,İtdya U21,Avusturya U21,1.15,4.75,9.00,2.05,1.40,0-0,0-0
412,20:00,Mozambik,Güney Afrika,2.50,2.70,2.30,1.50,1.85,1-0,1-1
415,21:00,Norveç U21,Sırbistan U21,1.90,2.90,3.00,1.50,1.85,0-0,1-0
416,21:00,Malta,İzlanda,12.50,6.25,1.05,1.80,1.55,0-0,0-2
417,21:45,Macaristan,İsveç,2.30,2.90,2.40,1.50,1.85,0-1,0-2
418,21:45,Danimarka,İsveç,2.35,2.90,2.30,-,-,1-1,1-2
419,22:00,Fluminense,Paranaense,1.55,3.30,4.00,1.50,1.85,1-0,1-1
420,22:00,Ukrayna,Sırbistan,2.10,2.80,2.70,1.40,2.05,1-0,2-0
421,22:30,Çek Cumhuriyeti,Danimarka,2.20,2.80,2.60,1.45,1.95,1-1,1-1
422,22:45,Wimbledon,Bury,1.85,3.10,3.00,1.75,1.60,3-0,5-0
423,22:45,Bristol Rovers,Crawley Town,1.30,3.75,6.25,1.95,1.45,1-1,2-2
424,22:45,Coventry,Morecambe,1.35,3.60,5.50,1.95,1.45,1-1,2-1
425,22:45,Crewe,Cheltenham,1.90,3.00,2.90,1.60,1.75,0-2,1-4
426,22:45,Fleetwood,Southport,1.20,4.30,8.00,2.15,1.35,1-0,1-1
427,22:45,Notts County,Boreham Wood,1.65,3.20,3.60,1.70,1.65,1-0,1-0
428,22:45,Rochdale,Maidstone,1.25,4.00,7.00,1.75,1.60,2-0,2-0
429,22:45,Solihull Moors,Yeovil,2.70,3.00,2.00,1.75,1.60,0-0,0-0
430,22:45,Swindon,Eastleigh,1.60,3.30,3.60,1.80,1.55,0-2,1-3
431,22:45,Avusturya,Slovakya,1.80,3.10,3.10,1.50,1.85,0-0,0-0
432,22:45,İtalya,Almanya,2.40,2.90,2.30,1.55,1.80,0-0,0-0
433,22:45,Kuzey İrlanda,Hırvatistan,2.80,3.00,1.95,1.40,2.05,0-2,0-3
434,22:45,East Fife,Alloa Athletic,3.30,3.20,1.70,1.85,1.50,1-0,2-2
435,22:45,Bristol Rovers,Rochdale,2.00,3.75,2.30,-,-,1-2,2-2
436,22:45,Crawley Town,Maidstone,2.45,2.75,2.30,-,-,1-0,2-0
437,22:45,Almanya,İngiltere,2.20,3.00,2.40,-,-,0-1,0-2
438,22:45,İtdya,İtalya,2.40,3.20,2.10,-,-,0-0,2-0
439,23:00,İngiltere,İtdya,2.50,2.90,2.20,1.55,1.80,1-0,2-2
440,23:00,Fransa,Fildişi Sahili,1.15,4.75,9.00,1.70,1.65,0-0,0-0
441,23:00,Fas,Togo,1.50,3.30,4.30,1.50,1.85,1-1,2-1
442,23:00,Bolivya,Paraguay,2.40,2.90,2.30,1.55,1.80,0-0,1-0
443,00:00,Ekvador,Venezuella,1.15,4.75,9.00,1.80,1.55,0-0,3-0
446,01:05,Honduras,Trinidad-Tobago,1.30,3.75,6.25,-,-,2-0,3-1
447,02:30,Arjantin,Kolombiya,1.40,3.50,5.00,1.50,1.85,2-0,3-0
448,02:30,Arjantin,Meksika,2.15,3.30,2.30,-,-,2-0,3-0
449,02:30,Kolombiya,Panama,2.40,2.70,2.40,-,-,0-0,0-0
450,02:30,Şili,Uruguay,2.00,3.00,2.70,1.55,1.80,1-1,3-1
451,05:05,Kosta Rika,ABD,1.80,3.10,3.10,-,-,1-0,4-0
452,05:05,Panama,Meksika,5.50,3.60,1.35,-,-,0-0,0-0
453,05:15,Peru,Brezilya,4.30,3.30,1.50,1.70,1.65,0-0,0-2
454,13:00,Düzyurtspor,Muğlaspor,1.65,3.10,2.65,-,-,1-0,3-0
455,13:00,Payas Bld,Tarsus İY,2.15,3.10,1.95,-,-,0-1,0-2
456,13:30,Afjet Afyon,12 Bingölspor,1.25,3.30,5.00,-,-,0-0,1-0
457,13:30,Ank-Adliyespor,Elazığ Bld,2.45,3.20,1.70,-,-,1-0,2-0
458,13:30,Bergama Bld,Maltepespor,2.15,3.10,1.95,-,-,2-0,2-0
459,13:30,Darıca Gençlerbirliği,Orduspor,1.55,3.20,2.90,-,-,2-0,2-0
460,13:30,Denizli Bld,Orhangazispor,2.50,3.20,1.70,-,-,0-0,2-0
461,13:30,Sakaryaspor,Y.Diyarbakırspor,1.55,3.10,3.00,-,-,0-1,0-1
462,13:30,Sultanbeyli Bld,Bayrampaşaspor,2.10,3.10,2.00,-,-,0-0,0-1
252,03:00,Krylya Sovetov,Ural,2.00,2.60,3.20,1.30,2.30,1-1,2-2
444,00:30,Botafogo,Chapecoense,1.55,3.30,4.00,1.50,1.85,0-1,0-2
463,02:00,Coritiba,Santa Cruz,1.35,3.60,5.50,1.60,1.75,0-0,1-0
464,02:45,America Mineiro,Flamengo,4.30,3.30,1.50,1.50,1.85,0-1,0-1
465,00:30,America Mineiro,Chapecoense,2.40,2.70,2.40,-,-,0-1,0-2
466,02:45,Figueirense,Corinthians,2.50,2.70,2.30,1.45,1.95,0-1,1-1
467,02:45,Sport Recife,Cruzeiro,2.00,2.90,2.80,1.55,1.80,0-1,0-1
468,20:30,Halmstad,Helsingborg,2.50,2.90,2.20,1.55,1.80,0-0,1-1
469,21:30,Astra Giurgiu,Dinamo Bucuresti,1.90,2.90,3.00,-,-,0-1,2-2
470,22:45,Dover Athletic,Cambridge,2.10,2.90,2.60,1.70,1.65,0-0,1-1
101,11:50,Western Sydney,Melbourne City,2.50,3.10,2.10,2.05,1.40,0-0,1-1
102,21:00,Lorient,Monaco,3.50,3.10,1.70,1.70,1.65,0-0,0-3
103,22:30,Leverkusen,RB Leipzig,2.00,3.00,2.70,1.70,1.65,2-1,2-3
104,22:45,Lille,Lyon,2.60,2.80,2.20,1.50,1.85,0-1,0-1
105,22:45,Real Betis,Las Palmas,2.00,2.90,2.80,1.65,1.70,2-0,2-0
161,14:00,Perth Glory,Adelaide Utd,1.90,3.20,2.80,1.85,1.50,1-1,3-1
162,19:00,FC Botoşani,Voluntari,1.55,3.30,4.00,-,-,0-1,0-1
163,19:00,Arsenal Tula,CSKA Moscow,3.75,3.20,1.60,1.40,2.05,0-1,0-1
165,19:30,Rubin Kazan,Rostov,1.75,2.90,3.50,1.35,2.15,0-0,0-0
166,20:00,Dinamo Zagreb,Istra 1961,1.05,6.25,12.50,-,-,1-1,1-1
167,20:00,Vysocina Jihlava,Fastav Zlin,2.20,2.90,2.50,1.65,1.70,1-1,1-3
168,20:00,Lyngby,Horsens,1.85,3.10,3.00,1.60,1.75,0-0,0-1
169,20:00,Piast Gliwice,Cracovia Krakow,2.60,2.90,2.10,1.70,1.65,0-1,2-2
170,20:30,Blau-Weiss,FC Liefering,3.00,3.20,1.80,1.80,1.55,0-1,1-1
171,20:30,Fac Wien,Kapfenberg,2.60,2.90,2.10,1.75,1.60,0-0,0-1
172,20:30,SV Horn,Lask Linz,4.30,3.30,1.50,1.75,1.60,0-2,1-4
173,20:30,Wattens,Aus.Lustenau,4.00,3.30,1.55,1.75,1.60,2-1,2-4
174,20:30,A.Bielefeld,Heidenheim,2.30,2.90,2.40,1.50,1.85,1-1,2-1
175,20:30,Bochum,Braunschweig,2.20,2.90,2.50,1.80,1.55,0-0,1-1
176,20:30,Nürnberg,Würzburger,1.75,3.10,3.30,1.65,1.70,1-0,2-2
177,21:00,VfR Aalen,Osnabrück,2.10,2.80,2.70,1.40,2.05,1-1,1-1
178,21:00,Fortuna Köln,Fsv Zwickau,2.00,2.90,2.80,1.65,1.70,2-0,2-1
179,21:00,Munster,Rot-Weiss,1.90,2.90,3.00,1.50,1.85,3-0,4-0
180,21:15,Sport Huancayo,Gas Ayacucho,1.45,3.40,4.60,-,-,0-0,0-0
184,22:00,Ajaccio,Strasbourg,2.30,2.70,2.50,1.30,2.30,1-0,2-0
185,22:00,Auxerre,Lens,2.70,2.70,2.20,1.40,2.05,0-1,1-1
186,22:00,Clermont,Gazelec Ajac,2.30,2.70,2.50,1.45,1.95,1-1,3-1
187,22:00,Orleans,Nimes,2.20,2.70,2.70,1.50,1.85,0-1,2-1
188,22:00,Red Star,Troyes,2.20,2.70,2.70,1.40,2.05,0-1,1-2
189,22:00,Reims,Laval,1.55,3.30,4.00,1.45,1.95,0-1,0-2
190,22:00,Sochaux,Fc Tours,1.65,3.20,3.60,1.35,2.15,1-0,2-1
191,22:00,Valenciennes,Bourg-Peron,1.90,2.90,3.00,1.55,1.80,1-1,3-3
192,22:00,Achilles 29,FC Oss,2.60,3.20,2.00,2.15,1.35,1-0,1-2
193,22:00,Nac Breda,VV Venlo,2.20,3.20,2.30,2.05,1.40,0-0,0-0
194,22:00,Den Bosch,EVV Eindhoven,2.80,3.20,1.90,2.05,1.40,0-1,0-2
195,22:00,Dordrecht,Helmond,2.20,3.20,2.30,2.05,1.40,0-3,1-4
196,22:00,Emmen,Cambuur Lee,2.80,3.20,1.90,1.95,1.45,0-0,0-1
197,22:00,Fortuna Sittard,MVV Maastricht,2.90,3.20,1.85,1.95,1.45,2-1,2-3
198,22:00,Telstar,Almere City,2.80,3.20,1.90,2.05,1.40,0-2,3-5
199,22:00,Volendam,Waalwijk,1.50,3.60,4.00,1.95,1.45,0-0,1-1
200,22:00,Almeria,Elche,1.85,3.00,3.10,1.50,1.85,1-1,2-1
201,22:15,Dukla Praha,Slavia Prague,2.30,2.90,2.40,1.60,1.75,1-0,1-2
202,22:15,Aalborg,Copenhagen,5.00,3.50,1.40,1.70,1.65,1-2,1-2
203,22:30,FC Wiener,FC Wacker,2.60,2.90,2.10,1.70,1.65,0-0,2-2
204,22:30,Sint Truiden,Club Brugge,3.50,3.10,1.70,1.70,1.65,0-0,0-1
205,22:30,Cittadella,Verona,3.00,2.90,1.90,1.60,1.75,4-1,5-1
206,22:30,Jagiellonia,Legia Warszawa,3.00,2.90,1.90,1.65,1.70,0-1,1-4
207,22:45,Brighton,Aston Villa,1.65,3.20,3.60,1.50,1.85,1-1,1-1
208,22:45,Kilmarnock,Celtic,16.00,7.00,1.02,2.50,1.25,0-1,0-1
209,23:15,Chaves,Porto,6.25,3.75,1.30,-,-,0-0,0-0
210,23:30,Defensor Bocana,Melgar,3.20,3.00,1.80,-,-,0-2,1-3
471,00:30,Santos,Vitoria,1.25,4.00,7.00,1.80,1.55,1-0,3-2
472,00:30,Sao Paulo,Gremio,1.80,3.00,3.20,1.50,1.85,1-0,1-1
473,02:00,Atl-Mineiro,Palmeiras,1.90,2.90,3.00,1.75,1.60,0-1,1-1
474,02:00,Internacional,Ponte Preta,1.50,3.30,4.30,1.50,1.85,1-0,1-1
475,03:10,Gimnasia La,San Lorenzo,2.60,2.80,2.20,1.30,2.30,1-0,2-2
106,13:30,Gaziantepspor,Konyaspor,2.45,3.10,2.10,1.45,1.95,0-1,0-3
107,15:00,Deportivo,Sevilla,2.90,3.00,1.90,1.65,1.70,2-1,2-3
108,15:30,Manchester Utd,Arsenal,2.30,2.90,2.40,1.65,1.70,0-0,1-1
109,16:00,Bursaspor,Akhisar Bld,1.50,3.30,4.30,1.70,1.65,0-0,0-0
110,17:00,Chievo,Cagliari,1.70,3.10,3.50,1.60,1.75,0-0,1-0
111,17:30,Augsburg,Hertha Berlin,2.20,2.90,2.50,1.45,1.95,0-0,0-0
112,17:30,Darmstadt 98,Ingolstadt,2.70,2.80,2.10,1.40,2.05,0-0,0-1
113,17:30,M.gladbach,Köln,1.95,2.90,2.90,1.55,1.80,1-0,1-2
114,17:30,Mainz 05,Freiburg,1.85,3.10,3.00,1.80,1.55,2-0,3-2
115,17:30,Wolfsburg,Schalke 04,2.10,2.90,2.60,1.70,1.65,0-0,0-1
116,18:00,Crystal Palace,Manchester City,5.00,4.00,1.35,1.95,1.45,0-1,1-2
117,18:00,Everton,Swansea,1.40,3.75,4.60,1.85,1.50,0-1,1-1
118,18:00,Southampton,Liverpool,3.00,3.20,1.80,1.80,1.55,0-0,0-0
119,18:00,Stoke,Bournemouth,1.95,3.00,2.80,1.65,1.70,0-1,0-1
120,18:00,Sunderland,Hull,1.90,2.90,3.00,1.50,1.85,1-0,3-0
121,18:00,Watford,Leicester,2.50,2.90,2.20,1.55,1.80,2-1,2-1
122,18:15,Barcelona,Malaga,1.05,7.00,10.00,3.00,1.15,0-0,0-0
123,19:00,Paris S.G.,Nantes,1.05,6.25,12.50,2.05,1.40,1-0,2-0
124,19:00,Adanaspor,Beşiktaş,8.00,4.00,1.20,1.95,1.45,0-2,1-2
125,19:00,Osmanlıspor,Alanyaspor,1.40,3.40,5.00,1.80,1.55,2-0,2-0
126,20:00,Udinese,Napoli,3.60,3.30,1.60,1.80,1.55,0-0,1-2
127,20:30,Tottenham,West Ham,1.35,3.60,5.50,1.80,1.55,0-1,3-2
128,20:30,Dortmund,Bayern Munich,3.00,3.20,1.80,1.80,1.55,1-0,1-0
129,20:30,Eibar,Celta Vigo,2.00,3.00,2.70,1.70,1.65,1-0,1-0
130,22:00,Bastia,Montpellier,2.20,2.70,2.70,1.40,2.05,1-0,1-1
131,22:00,Nancy,Dijon,2.00,2.90,2.80,1.40,2.05,0-0,1-0
132,22:00,Rennes,Angers,2.00,2.90,2.80,1.30,2.30,1-0,1-1
133,22:00,Toulouse,Metz,1.30,3.75,6.25,1.70,1.65,0-1,0-2
134,22:45,Juventus,Pescara,1.05,6.25,12.50,2.50,1.25,1-0,3-0
135,22:45,Atl-Madrid,Real Madrid,2.10,2.90,2.60,1.70,1.65,0-1,0-3
211,00:15,Oeste,Joinville,1.90,2.90,3.00,1.40,2.05,0-0,0-2
212,02:00,Colo Colo,Cobresal,1.20,4.30,8.00,-,-,1-0,3-0
213,02:30,Luverdense,Goias,1.90,3.00,2.90,1.70,1.65,1-0,1-0
214,03:15,Ars.Sarandi,Banfield,2.40,2.60,2.50,1.35,2.15,1-2,1-3
215,06:00,Veracruz,Club Tijuana,3.00,3.20,1.80,1.75,1.60,1-1,2-1
217,11:50,Brisbane Roar,Sydney,2.50,2.90,2.20,1.75,1.60,1-1,1-1
218,12:00,Manavgatspor,24 Erzincanspor,1.95,3.10,2.15,-,-,1-1,1-1
219,12:30,Cizrespor,Ankarademirspor,1.80,3.10,2.35,-,-,0-0,1-1
220,13:00,Jeonbuk Motors,Al Ain,1.50,3.30,4.30,-,-,0-0,2-1
221,13:00,Bayburt Ö.İ,Kozan Bld,1.70,3.10,2.55,-,-,0-0,0-0
222,13:00,Erzin Bld,Tekirdağspor,2.20,3.10,1.90,-,-,1-0,3-0
223,13:00,Bld Vanspor,Gölcükspor,1.65,3.10,2.65,-,-,1-1,1-1
224,13:00,Boluspor,Altınordu,1.95,3.20,2.65,1.65,1.70,2-1,3-2
225,13:00,Ümraniyespor,Sivasspor,2.65,3.20,1.95,1.60,1.75,2-0,4-1
226,13:30,Karagümrükspor,İstanbulspor,3.30,3.10,1.60,-,-,1-0,2-0
227,13:30,K-Erciyesspor,Menemen Bld,6.00,3.90,1.20,-,-,1-2,1-3
228,13:30,Karacabey Birlik,Sancaktepe Bld,2.55,3.10,1.70,-,-,0-5,1-6
229,13:30,Kartalspor,Çorum Bld,2.35,3.10,1.80,-,-,0-1,0-2
230,13:30,Kocaelispor,Kızılcabölükspor,1.25,3.40,4.80,-,-,0-0,0-1
231,13:30,Kütahyaspor,Beylerbeyi,1.40,3.30,3.50,-,-,2-2,3-3
234,14:30,Orenburg,Lok.Moscow,3.30,2.60,1.95,1.30,2.30,0-1,1-1
237,15:00,Hannover 96,Aue,1.40,3.75,4.60,1.85,1.50,1-0,2-0
238,15:00,Karlsruher Sc,Sandhausen,2.20,2.80,2.60,1.35,2.15,0-0,1-3
239,15:00,Olimpik Donetsk,Odessa,2.10,2.90,2.60,-,-,1-0,1-0
240,15:00,Zorya Lugansk,Oleksandria,1.50,3.30,4.30,-,-,0-0,1-2
242,15:15,Forest Green,Lincoln,1.80,3.10,3.10,1.70,1.65,1-0,2-3
243,15:30,Balıkesirspor,Gaziantep Bld,1.75,3.20,3.10,1.60,1.75,0-0,0-0
244,16:00,Chemnitzer,Holstein Kiel,2.00,2.90,2.80,1.45,1.95,1-0,2-2
245,16:00,FSV Frankfurt,Duisburg,2.20,2.90,2.50,1.50,1.85,0-0,0-0
246,16:00,Hallescher,Mainz II,1.45,3.40,4.60,1.70,1.65,0-0,2-0
247,16:00,Hansa Rostock,W.Bremen II,1.60,3.20,3.75,1.65,1.70,1-0,1-1
248,16:00,Regensburg,Wehen,1.90,2.90,3.00,1.55,1.80,1-1,3-1
249,16:00,S.Grossaspach,Magdeburg,1.85,3.00,3.10,1.55,1.80,1-2,1-3
250,16:00,Sportfreunde,Paderborn,1.90,2.90,3.00,1.60,1.75,3-0,6-0
251,15:00,Iraklis,Kerkyra,2.00,2.80,2.90,1.30,2.30,ERT,ERT
252,16:00,Elazığspor,Mersin İY,1.70,3.20,3.30,1.80,1.55,1-0,3-0
253,17:00,Inter Zapresic,RNK Split,1.40,3.50,5.00,1.30,2.30,0-0,2-0
254,17:00,1905 Bohemians,Teplice,1.85,2.90,3.20,1.50,1.85,0-1,0-1
255,17:00,Zbrojovka Brno,Pribram,1.40,3.50,5.00,1.70,1.65,2-1,2-2
256,17:00,Mlada Boleslav,Viktoria Plzen,2.20,2.90,2.50,1.65,1.70,0-0,0-0
257,17:00,Slovacko,Hradec Kralove,1.65,3.20,3.60,1.55,1.80,0-1,1-3
258,17:00,Le Havre,Amiens,1.80,3.00,3.20,1.45,1.95,0-0,0-0
260,17:00,Avellino,Pisa,1.90,2.90,3.00,1.35,2.15,0-0,1-0
261,17:00,Bari,Carpi,2.00,2.90,2.80,1.45,1.95,0-0,2-0
262,17:00,Benevento,Brescia,1.45,3.40,4.60,1.75,1.60,1-0,4-0
263,17:00,US Latina,Salernitana,2.20,2.80,2.60,1.50,1.85,0-0,1-1
264,17:00,Pro Vercelli,Vicenza,1.85,2.90,3.20,1.45,1.95,1-0,1-1
265,17:00,Spezia,Cesena,1.85,2.90,3.20,1.40,2.05,0-0,1-0
266,17:00,Ternana,Virtus Entella,2.70,2.70,2.20,1.50,1.85,2-0,3-0
267,17:00,Anzhi,FC Ufa,2.00,2.60,3.20,1.30,2.30,0-0,0-1
272,17:30,Diosgyor,Szombathelyi,2.20,2.90,2.50,-,-,0-1,2-1
273,17:30,Gyirmot,Ujpest,3.00,2.90,1.90,-,-,0-0,1-2
274,17:30,Mezokövesd Zsory,Videoton,3.30,3.10,1.75,-,-,1-1,2-1
275,17:30,MTK Budapest,Debrecen,2.20,2.90,2.50,-,-,0-0,1-0
276,17:30,Paksi SE,Budapest Honved,2.50,2.90,2.20,-,-,1-1,1-1
277,17:30,Gornik Leczna,Ruch Chorzow,2.00,2.90,2.80,1.65,1.70,0-2,0-4
278,17:30,CSMS Iaşi,Targu Mureş,1.65,3.20,3.60,-,-,0-0,0-0
279,18:00,Altach,Sturm Graz,2.30,2.90,2.40,1.55,1.80,0-0,1-1
280,18:00,Deportes Iquique,De Quillota,1.55,3.30,4.00,-,-,1-1,3-1
281,18:00,Nordsjaelland,AGF Aarhus,2.50,2.90,2.20,1.70,1.65,2-1,3-2
282,18:00,Aldershot,Macclesfield,2.00,3.00,2.70,1.55,1.80,0-1,1-2
283,18:00,Barrow,Solihull Moors,1.40,3.50,5.00,1.85,1.50,2-0,2-1
284,18:00,Boreham Wood,Southport,1.50,3.30,4.30,1.70,1.65,1-0,2-0
285,18:00,Braintree,Tranmere,3.30,3.20,1.70,1.55,1.80,0-0,0-1
286,18:00,Chester City,Bromley,1.80,3.20,3.00,1.75,1.60,0-1,1-1
287,18:00,Dover Athletic,Guiseley,1.40,3.50,5.00,1.95,1.45,0-0,2-0
288,18:00,Gateshead,Eastleigh,2.00,3.00,2.70,1.70,1.65,0-2,2-2
289,18:00,Maidstone,Woking,1.90,3.00,2.90,1.80,1.55,0-2,0-3
290,18:00,North Ferriby,Sutton United,4.00,3.30,1.55,1.75,1.60,1-0,2-1
291,18:00,Torquay,Wrexham,2.20,2.90,2.50,1.60,1.75,0-1,1-1
292,18:00,York City,Dagenham & Rb,2.80,3.20,1.90,1.65,1.70,0-2,0-2
293,18:00,Wimbledon,Bury,1.80,3.10,3.10,1.70,1.65,4-1,5-1
294,18:00,Bolton,Millwall,1.95,3.00,2.80,1.65,1.70,1-0,2-0
295,18:00,Bristol Rovers,Milton Keynes,1.90,3.00,2.90,1.75,1.60,0-0,0-0
296,18:00,Charlton,Port Vale,1.55,3.30,4.00,1.60,1.75,2-0,2-0
297,18:00,Fleetwood,Chesterfield,1.65,3.20,3.60,1.70,1.65,1-0,2-1
298,18:00,Northampton,Peterborough,2.00,3.00,2.70,1.80,1.55,0-0,0-1
299,18:00,Oxford,Coventry,1.85,3.10,3.00,1.65,1.70,3-0,4-1
300,18:00,Rochdale,Swindon,1.80,3.10,3.10,1.65,1.70,1-0,4-0
301,18:00,Scunthorpe,Oldham,1.50,3.30,4.30,1.60,1.75,0-0,1-0
302,18:00,Sheffield Utd,Shrewsbury,1.25,4.00,7.00,1.85,1.50,2-0,2-1
303,18:00,Southend,Bradford,3.00,3.10,1.85,1.55,1.80,1-0,3-0
304,18:00,Walsall,Gillingham,1.90,3.00,2.90,1.70,1.65,1-1,1-2
305,18:00,Accrington,Stevenage,1.80,3.10,3.10,1.65,1.70,0-0,0-1
306,18:00,Barnet,Crewe,2.20,2.90,2.50,1.75,1.60,0-0,0-0
307,18:00,Cambridge,Wycombe,2.00,3.00,2.70,1.50,1.85,0-1,1-2
308,18:00,Carlisle,Exeter,1.65,3.30,3.40,1.85,1.50,1-1,3-2
309,18:00,Cheltenham,Portsmouth,3.30,3.10,1.75,1.65,1.70,0-0,1-1
310,18:00,Doncaster,Hartlepool,1.50,3.30,4.30,1.80,1.55,1-1,2-1
311,18:00,Leyton Orient,Blackpool,2.60,2.90,2.10,1.70,1.65,0-1,1-2
312,18:00,Mansfield,Crawley Town,1.70,3.10,3.50,1.60,1.75,0-0,3-1
313,18:00,Morecambe,Luton,4.00,3.30,1.55,1.85,1.50,0-1,0-2
314,18:00,Notts County,Newport,1.85,3.10,3.00,1.70,1.65,0-2,0-3
315,18:00,Plymouth,Grimsby,1.70,3.10,3.50,1.70,1.65,0-1,0-3
316,18:00,Yeovil,Colchester,2.20,2.90,2.50,1.70,1.65,0-0,2-1
317,18:00,Barnsley,Wigan,2.20,2.90,2.50,1.70,1.65,0-0,0-0
318,18:00,Birmingham,Bristol City,2.10,2.90,2.60,1.60,1.75,0-0,1-0
319,18:00,Blackburn,Brentford,2.50,2.90,2.20,1.60,1.75,3-2,3-2
320,18:00,Cardiff,Huddersfield,2.20,2.90,2.50,1.45,1.95,3-1,3-2
321,18:00,Derby,Rotherham Utd,1.30,3.75,6.25,1.80,1.55,2-0,3-0
322,18:00,Fulham,Sheffield Wed,2.00,3.00,2.70,1.60,1.75,0-1,1-1
323,18:00,Preston,Wolverhampton,2.10,2.90,2.60,1.50,1.85,0-0,0-0
324,18:00,QPR,Norwich,2.80,3.00,1.95,1.65,1.70,2-0,2-1
325,18:00,Reading,Burton Albion,1.75,3.20,3.20,1.60,1.75,2-0,3-0
326,18:00,Ayr United,Falkirk,2.80,3.20,1.90,1.70,1.65,0-1,0-1
327,18:00,Dumbarton,Raith Rovers,2.80,3.20,1.90,1.70,1.65,0-0,0-0
328,18:00,Hibernian,Queen of,1.35,3.60,5.50,1.80,1.55,2-0,4-0
329,18:00,Morton,Dundee Utd,2.90,3.00,1.90,1.65,1.70,0-0,0-0
330,18:00,Airdrie United,Alloa Athletic,2.60,3.20,2.00,1.80,1.55,2-0,2-1
331,18:00,Brechin City,Albion Rovers,1.65,3.20,3.60,1.95,1.45,0-0,0-0
332,18:00,East Fife,Queen`s Park,2.00,3.20,2.60,1.80,1.55,1-1,1-2
333,18:00,Livingston,Peterhead,1.35,3.60,5.50,1.95,1.45,0-1,1-2
334,18:00,Stranraer,Stenhousemuir,1.65,3.20,3.60,1.85,1.50,1-1,3-1
335,18:00,Annan Athletic,Elgin City,2.60,3.20,2.00,1.80,1.55,1-0,1-0
336,18:00,Clyde,Berwick Rangers,1.75,3.20,3.20,1.95,1.45,1-0,3-2
337,18:00,Edinburgh City,Cowdenbeath,2.10,3.10,2.50,1.80,1.55,0-1,1-1
338,18:00,Montrose,Forfar Athletic,3.60,3.30,1.60,1.95,1.45,1-1,1-1
339,18:00,Stirling Albion,Arbroath,2.40,3.20,2.10,1.80,1.55,0-1,2-2
340,18:00,Numancia,Valladolid,2.00,2.90,2.80,1.40,2.05,1-0,2-1
341,18:00,Inverness,Aberdeen,3.10,3.10,1.80,1.65,1.70,1-2,1-3
342,18:00,Motherwell,Partick Thistle,2.50,2.90,2.20,1.70,1.65,2-0,2-0
343,18:00,Glasgow Rangers,FC Dundee,1.25,4.00,7.00,2.05,1.40,0-0,1-0
344,18:00,St. Johnstone,Ross County,1.65,3.20,3.60,1.65,1.70,0-2,2-4
345,18:00,Dynamo Kiev,Stal Metalurh,1.05,6.25,12.50,-,-,1-0,2-1
346,18:00,Shakhtar Donetsk,Karpaty Lviv,1.02,7.00,16.00,-,-,1-1,2-1
348,17:15,Veria,Levadiakos,2.00,2.80,2.90,1.35,2.15,ERT,ERT
349,19:00,Hajduk Split,Lokomotiva,1.35,3.60,5.50,1.85,1.50,0-0,1-0
350,19:00,Estoril,Cova Piadade,1.45,3.40,4.60,-,-,1-0,2-0
351,19:00,Feirense,Academica,1.80,3.00,3.20,-,-,0-0,0-0
352,19:00,Göztepe,Bandırmaspor,1.25,4.00,6.50,1.85,1.50,2-1,3-3
353,19:45,Grasshoppers,Thun,1.80,3.20,3.00,1.95,1.45,1-0,1-1
354,20:00,Genk,Eupen,1.40,3.75,4.60,2.05,1.40,2-0,2-0
355,20:00,Vasas,Ferencvaros,2.70,3.00,2.00,-,-,0-1,1-2
356,20:00,Pogon Szczecin,Wisla Krakow,1.90,2.90,3.00,1.70,1.65,4-1,6-2
357,20:00,Concordia,Steaua Bucuresti,5.00,3.50,1.40,-,-,1-0,1-0
358,20:00,Mallorca,Sevilla II,1.65,3.20,3.60,1.40,2.05,0-2,2-2
359,20:00,Real Oviedo,Levante,2.50,2.70,2.30,1.35,2.15,0-0,2-0
360,20:15,Baumit Jablonec,Liberec,2.00,2.90,2.80,1.60,1.75,1-0,3-0
361,20:15,St. Mirren,Dunfermline,2.00,3.00,2.70,1.75,1.60,0-1,0-1
362,20:30,FC Admira,Wolfsberger AC,2.30,2.90,2.40,1.60,1.75,1-0,4-0
363,20:30,Austria Wien,Ried,1.45,3.40,4.60,1.80,1.55,0-0,2-0
364,20:30,St. Polten,Mattersburg,2.00,3.00,2.70,1.65,1.70,0-0,2-2
365,20:30,Ipswich,Nottingham,1.85,3.10,3.00,1.55,1.80,0-2,0-2
366,19:30,Platanias,Olympiakos,9.00,4.75,1.15,1.80,1.55,ERT,ERT
367,20:30,Heerenveen,Vitesse,1.95,3.20,2.70,1.85,1.50,0-0,1-1
368,20:30,Heracles,Ahead Eagles,1.50,3.60,4.00,1.85,1.50,0-1,2-1
369,21:30,Criciuma,Vasco de,3.75,3.20,1.60,1.65,1.70,0-0,1-0
370,21:30,Londrina,Avai,1.90,3.00,2.90,1.40,2.05,0-0,0-1
371,21:30,Tupi,Nautico,4.30,3.30,1.50,1.70,1.65,0-2,1-4
372,21:30,CD Everton,O Higgins,2.70,3.00,2.00,-,-,2-1,2-2
373,21:45,Willem II,PSV,5.00,4.30,1.30,2.05,1.40,0-0,0-0
374,22:00,KV Oostende,Westerlo,1.30,4.30,5.00,2.30,1.30,1-0,5-0
375,22:00,Beveren,Kortrijk,2.30,2.90,2.40,1.65,1.70,0-1,1-1
376,22:00,Girona,Lugo,1.60,3.20,3.75,1.50,1.85,2-1,3-1
377,22:00,Basel,FC Vaduz,1.05,6.25,12.50,-,-,2-0,6-0
378,22:30,R.Mouscron,AA Gent,4.60,3.40,1.45,1.70,1.65,0-1,0-2
379,22:30,Bahia,Bragantino,1.15,4.75,9.00,1.70,1.65,2-1,3-2
380,22:30,Sampaio Correa,Goianiense,3.00,3.10,1.85,1.70,1.65,0-0,0-1
381,22:30,Vila Nova,Paysandu,1.80,3.00,3.20,1.55,1.80,0-1,2-2
382,22:30,Lechia Gdansk,Wisla Plock,1.55,3.30,4.00,1.70,1.65,0-1,2-1
383,22:45,Excelsior,Sp. Rotterdam,2.50,2.90,2.20,1.80,1.55,2-1,3-2
384,22:45,Groningen,Den Haag,1.75,3.20,3.20,1.75,1.60,1-1,2-1
385,23:00,Estudiantes,Colon,1.45,3.40,4.60,1.45,1.95,0-0,1-0
386,23:00,D.Municipal,Union Comercio,1.45,3.40,4.60,-,-,1-0,2-0
387,23:15,Benfica,Maritimo,1.15,4.75,9.00,-,-,3-0,6-0
136,14:00,Alaves,Etdyol,2.20,2.80,2.60,1.40,2.05,0-0,0-1
137,14:00,Kasımpaşaspor,Karabükspor,1.80,3.10,3.10,1.70,1.65,1-2,2-2
138,14:00,Kayserispor,Gençlerbirliği,2.15,3.00,2.45,1.50,1.85,0-0,0-2
139,14:30,Sampdoria,Sassuolo,1.95,3.00,2.80,1.65,1.70,0-0,3-2
140,17:00,Guingamp,Bordeaux,2.10,2.80,2.70,1.45,1.95,0-1,1-1
141,17:00,Atalanta,Roma,3.20,3.20,1.75,1.95,1.45,0-1,2-1
142,17:00,Bologna,Palermo,1.70,3.10,3.50,1.55,1.80,1-1,3-1
143,17:00,Crotone,Torino,4.00,3.30,1.55,1.80,1.55,0-0,0-2
144,17:00,Empoli,Fiorentina,3.10,3.00,1.85,1.55,1.80,0-1,0-4
145,17:00,Lazio,Genoa,1.45,3.40,4.60,1.85,1.50,1-0,3-1
146,17:30,Hoffenheim,Hamburger Sv,1.45,3.60,4.30,1.95,1.45,1-1,2-2
147,18:15,Valencia,Granada,1.20,4.30,8.00,2.05,1.40,0-1,1-1
148,19:00,Middlesbrough,Chelsea,6.25,3.75,1.30,1.70,1.65,0-1,0-1
149,19:00,Marsilya,Caen,1.50,3.30,4.30,1.70,1.65,0-0,1-0
150,19:30,Werder Bremen,Frankfurt,2.50,2.90,2.20,1.75,1.60,1-0,1-2
151,20:00,Fenerbahçe,Galatasaray,1.60,3.40,3.50,1.95,1.45,1-0,2-0
152,20:30,Sporting Gijon,Real Sociedad,2.80,2.90,2.00,1.50,1.85,1-1,1-3
153,22:45,St Etienne,Nice,1.90,2.90,3.00,1.50,1.85,0-0,0-1
154,22:45,Milan,İnter,2.20,2.90,2.50,1.55,1.80,1-0,2-2
155,22:45,Athletic Bilbao,Villarreal,1.85,3.00,3.10,1.40,2.05,0-0,1-0
259,17:00,Ascoli,Perugia,2.70,2.70,2.20,1.35,2.15,0-1,2-2
388,00:00,Godoy Cruz,Atl.Tigre,2.00,2.90,2.80,1.35,2.15,2-1,2-1
389,00:00,Lanus,Atletico Tucuman,1.55,3.10,4.30,1.40,2.05,0-0,1-0
390,00:00,Union Santa Fe,Temperley,1.70,3.00,3.60,1.30,2.30,2-1,2-1
391,00:00,Union Etdola,Universidad Chile,1.80,3.30,2.90,-,-,2-1,2-3
392,00:30,Pelotas,Regatas,2.00,3.00,2.70,1.65,1.70,0-0,1-0
393,00:30,Ceara,Parana,1.45,3.40,4.60,1.65,1.70,0-0,1-1
394,01:45,Juan Aurich,Sporting Cristal,2.10,2.90,2.60,-,-,0-0,0-0
395,02:00,Huracan,Racing Club,2.90,2.80,2.00,1.30,2.30,0-1,1-1
396,02:00,Chiapas FC,Atlas,2.20,2.90,2.50,1.95,1.45,1-0,1-0
397,02:00,Cruz Azul,Leon,2.00,3.00,2.70,1.75,1.60,0-2,2-3
398,02:30,Concepcion,Huachipato,2.00,3.20,2.60,-,-,2-2,2-2
399,04:00,Morelia,Monterrey,2.90,3.20,1.85,1.80,1.55,0-1,1-2
400,04:00,Tigres,Queretaro,1.45,3.40,4.60,1.95,1.45,0-1,1-2
401,04:05,Pachuca,Club America,1.80,3.20,3.00,1.80,1.55,2-1,3-3
402,06:00,CD Guadalajara,Necaxa,1.75,3.20,3.20,1.80,1.55,1-1,1-1
403,09:00,Newcastle Jets,Central Coast,1.85,3.20,2.90,1.95,1.45,0-1,1-1
404,13:00,Erzurum BŞB,Üsküdar 1908,1.20,3.70,6.50,-,-,1-0,3-1
405,13:00,Ofspor,Ana-Selçukluspor,2.90,3.10,1.70,-,-,0-0,0-1
406,13:00,Sivas 4 Eylül,Kahramanmaraş,1.65,3.10,3.10,-,-,1-0,2-1
407,13:00,Gümüşhanespor,Tokatspor,1.15,4.00,7.50,-,-,1-0,2-0
408,13:00,Hatayspor,1461 Trabzonspor,1.50,3.10,3.75,-,-,1-1,1-1
410,13:30,Fethiyespor,Tepecikspor,1.50,3.20,3.60,-,-,0-0,1-0
411,13:30,Keçiörengücü,Zonguldak KS,1.35,3.30,4.70,-,-,0-0,1-2
412,13:30,Kocaeli Birlik,Diyarbakır BŞB,2.00,3.10,2.30,-,-,0-0,1-0
413,13:30,Pendikspor,Hacettepe,1.70,3.20,2.80,-,-,0-0,1-0
414,13:30,Ankaragücü,Buğsaşspor,1.30,3.50,5.00,-,-,1-0,1-0
415,13:30,Aydınspor 1923,Etimesgut Bld,2.15,3.10,2.15,-,-,0-0,1-0
416,13:30,İnegölspor,Niğde Bld,1.75,3.10,2.80,-,-,0-1,1-1
417,13:30,Karşıyaka,Sarıyer,1.50,3.20,3.60,-,-,1-0,2-0
418,13:30,Kastamonuspor,Tuzlaspor,1.80,3.10,2.65,-,-,1-0,2-0
419,13:30,Kırklarelispor,Eyüp,1.90,3.10,2.45,-,-,1-1,1-2
421,14:00,Reus Deportiu,Tarragona,1.85,2.90,3.20,1.35,2.15,0-0,1-0
422,14:30,Roda,Az Alkmaar,4.00,3.30,1.55,1.80,1.55,1-0,1-1
423,14:30,Krasnodar,Ural,1.35,3.60,5.50,1.55,1.80,0-0,3-0
424,15:00,Randers FC,Viborg,1.60,3.20,3.75,1.55,1.80,1-1,2-1
425,15:00,Eskişehirspor,Yeni Malatyaspor,2.10,3.10,2.45,1.60,1.75,1-0,2-0
426,15:15,Kongsvinger,Rosenborg,10.00,7.00,1.05,2.50,1.25,0-1,0-4
427,15:30,Dyn.Dresden,Fürth,1.85,3.20,2.90,1.80,1.55,1-0,2-1
428,15:30,St. Pauli,Düsseldorf,2.20,2.90,2.50,1.55,1.80,0-1,0-1
429,15:30,Union Berlin,Stuttgart,2.20,2.90,2.50,1.85,1.50,0-1,1-1
430,15:30,Helsingborg,Halmstad,1.45,3.40,4.60,1.70,1.65,0-0,1-2
433,15:45,St. Gallen,Lausanne,1.90,3.20,2.80,1.95,1.45,0-0,2-0
434,15:45,Young Boys,Sion,1.65,3.40,3.30,2.30,1.30,1-2,4-3
435,15:00,Larissa,PAOK,3.10,3.10,1.80,1.40,2.05,ERT,ERT
438,16:15,Leeds Utd,Newcastle,3.20,3.20,1.75,1.60,1.75,0-1,0-2
439,16:30,Zulte Waregem,Anderlecht,2.60,2.90,2.10,1.75,1.60,1-2,3-2
440,16:30,Ajax,Nijmegen,1.05,6.25,12.50,-,-,3-0,5-0
441,16:30,Twente,Utrecht,2.00,3.20,2.60,1.95,1.45,1-1,1-1
442,17:00,HNK Cibalia,NK Osijek,3.20,2.90,1.85,1.35,2.15,0-0,0-2
443,17:00,Sparta Prague,Mfk Karvina,1.05,6.25,12.50,-,-,2-0,3-0
444,17:00,Vizela,Penafiel,2.30,2.90,2.40,-,-,0-0,0-1
445,17:00,Sp.Moscow,Amkar Perm,1.45,3.40,4.60,1.40,2.05,0-0,1-0
446,17:00,Giresunspor,Adanademirspor,1.80,3.20,3.00,1.60,1.75,1-1,1-1
447,17:30,Arka Gdynia,Nieciecza,1.85,3.00,3.10,1.50,1.85,1-2,1-3
448,18:00,Temuco,Santiago Wander,1.70,3.10,3.50,-,-,1-1,2-3
449,18:00,Odense,Brondby,3.60,3.20,1.65,1.75,1.60,1-0,1-0
450,18:00,Getafe,Zaragoza,1.75,3.00,3.40,1.50,1.85,0-0,1-0
451,18:00,Luzern,FC Lugano,1.30,4.30,5.00,2.50,1.25,1-0,2-1
452,18:00,Zirka Kirovohra,Volyn Lutsk,2.00,2.90,2.80,-,-,0-0,2-0
453,17:15,Asteras,Panaitolikos,1.50,3.30,4.30,1.35,2.15,ERT,ERT
454,17:15,Xanthi,PAS Giannina,1.85,2.80,3.30,1.30,2.30,ERT,ERT
455,18:30,Salzburg,Rapid Vienna,1.50,3.60,4.00,1.85,1.50,2-0,2-1
456,18:30,CS Craiova,Astra Giurgiu,1.60,3.20,3.75,-,-,0-1,0-1
457,18:45,Feyenoord,Zwolle,1.15,4.75,9.00,2.50,1.25,1-0,3-0
458,19:00,Slaven Kopriv,HNK Rijeka,5.00,3.50,1.40,1.50,1.85,0-0,0-0
459,19:00,Real Garcilaso,Cesar Vallejo,1.35,3.60,5.50,-,-,1-0,2-0
460,13:30,Bucaspor,Nazilli Bld,1.80,3.20,2.60,-,-,0-0,1-1
463,19:30,Novara,Frosinone,1.85,2.90,3.20,1.45,1.95,0-0,1-2
464,19:30,Zenit,Krylya Sovetov,1.10,5.50,10.00,-,-,2-1,3-1
465,20:00,KV Mechelen,Standard Liege,2.90,3.00,1.90,1.70,1.65,1-1,2-1
466,20:00,Sonderjyske,Midtjylland,3.10,3.10,1.80,1.70,1.65,0-0,1-0
467,20:00,Braga,Santa Clara,1.10,5.50,10.00,-,-,0-0,2-1
468,20:00,Lech Poznan,Slask Wroclaw,1.60,3.20,3.75,1.65,1.70,1-0,3-0
469,20:00,Cadiz,Alcorcon,1.90,2.80,3.20,1.30,2.30,0-1,4-1
470,20:00,Vallecano,Huesca,1.65,3.20,3.60,1.50,1.85,1-1,2-2
476,20:00,Tenerife,UCAM Murcia,1.90,2.80,3.20,1.35,2.15,2-1,2-1
477,19:30,Panathinaikos,AEK,1.65,3.20,3.60,1.40,2.05,ERT,ERT
478,20:30,Vorskla Poltava,Dnipro,1.75,3.10,3.30,-,-,1-1,1-2
479,21:00,Toluca,Santos Laguna,1.65,3.30,3.40,1.70,1.65,0-1,1-2
480,21:30,Antofagasta,Catolica,2.70,3.00,2.00,-,-,1-2,1-5
481,21:30,Alianza Atletico,Alianza Lima,2.50,3.10,2.10,-,-,2-0,4-0
483,22:00,Charleroi,Lokeren,1.60,3.20,3.75,1.60,1.75,2-1,2-1
484,22:00,Paranaense,Sport Recife,-,-,-,-,-,2-0,2-0
485,22:00,Cruzeiro,Santos,-,-,-,-,-,1-0,2-2
486,22:00,Gremio,America Mineiro,-,-,-,-,-,2-0,3-0
487,22:00,Palmeiras,Botafogo,-,-,-,-,-,0-0,1-0
488,22:00,Ponte Preta,Fluminense,-,-,-,-,-,1-0,1-0
489,22:00,Vitoria,Figueirense,-,-,-,-,-,1-0,4-0
490,22:00,Mirandes,Cordoba,2.20,2.80,2.60,1.50,1.85,1-0,1-1
491,22:15,Boavista,Guimaraes,3.00,2.90,1.90,-,-,0-1,1-1
492,23:00,Belgrano,CA Sarmiento,1.65,3.10,3.75,1.35,2.15,0-2,1-2
493,23:00,Independiente,San Lorenzo,1.70,3.00,3.60,1.35,2.15,0-1,1-2
494,23:00,Quilmes,Aldosivi,2.00,2.80,2.90,1.35,2.15,1-0,1-0